county,avg_prcp,year
adams,10.73357143,2012
carson,12.6,2012
weld,9.984,2012
yuma,10.69,2012
philips,11.19666667,2012
