county,avg_prcp2017
adams,13.66692308
kitcarson,24.474
weld,15.09857143
yuma,20.988
phillips,19.22333333
