county,avg_prcp,yr
adams,13.66692308,2017
carson,24.474,2017
weld,15.09857143,2017
yuma,20.988,2017
philips,19.22333333,2017
